54,Contoso,Janelle,Jerod,French,Janelle Jerod French,53,"",xxtkyg10@example.com,0
450,Contoso,Cedric,Lamont,Cunningham,Cedric Lamont Cunningham,449,"",lpyial.xpsfawdr@example.com,0
453,Contoso,Alejandro,Ken,Nash,Alejandro Ken Nash,452,"",xqgokl.icarfevcxp@example.com,0
671,Contoso,Brandy,Darwin,Mayer,Brandy Darwin Mayer,670,"",gshqwtr@example.com,0
869,Contoso,Marianne,Clinton,Trevino,Marianne Clinton Trevino,868,"",ndrojlz581@example.com,0
135,Contoso,Candy,Irvin,Simpson,Candy Irvin Simpson,1134,"",zogorm878@example.com,1
182,Contoso,Clyde,NULL,Kirby,Clyde Kirby,1181,"",wiefkmtb.suzwwe@example.com,2
228,Contoso,Katrina,NULL,Beltran,Katrina Beltran,1227,"",jtrxfnrp018@example.com,0
705,Contoso,Danielle,Sammy,Harrison,Danielle Sammy Harrison,2704,"",kjmnwkpr@example.com,0
864,Contoso,Jacquelyn,NULL,Hester,Jacquelyn Hester,2863,"",ryvvauw990@example.com,0
937,Contoso,Heather,NULL,Newton,Heather Newton,2936,"",foqyarwx.emnkoy@example.com,NULL
939,Contoso,Efrain,Jamel,Melton,Efrain Jamel Melton,2938,"",pwfrsn660@example.com,0
98,Contoso,Darrick,NULL,Melendez,Darrick Melendez,3097,"",ygjtjxw.yqdj@example.com,0
279,Contoso,Dylan,Clay,Snow,Dylan Clay Snow,3278,"",ttvoa.oajuhipg@example.com,0
308,Contoso,Shelley,NULL,Strickland,Shelley Strickland,3307,"",qyuznaz.puthwimfj@example.com,0
442,Contoso,Damon,NULL,Robertson,Damon Robertson,3441,"",bxugjvwq.xqsqrd@example.com,1
667,Contoso,Anita,NULL,Cardenas,Anita Cardenas,3666,"",bdhy.raaonafll@example.com,0
749,Contoso,Molly,NULL,Cross,Molly Cross,3748,"",fvte.rtli@example.com,0
874,Contoso,Louis,Ned,Tapia,Louis Ned Tapia,3873,"",zygswuvs.udlwt@example.com,1
915,Contoso,Angelina,Graham,Potts,Angelina Graham Potts,3914,"",zadbw9@example.com,0
414,Contoso,Jamal,Preston,Larsen,Jamal Preston Larsen,4413,"",eqcw@example.com,0
421,Contoso,Ronald,NULL,Schroeder,Ronald Schroeder,4420,"",afmlbpmf@example.com,0
432,Contoso,Devon,NULL,Hernandez,Devon Hernandez,4431,"",hlgql.jobccpjqpz@example.com,1
577,Contoso,Edward,NULL,Singh,Edward Singh,4576,"",tfix59@example.com,0
653,Contoso,Rickey,NULL,Little,Rickey Little,4652,"",acbtuyg94@example.com,1
683,Contoso,Alfonso,Edgar,Bond,Alfonso Edgar Bond,4682,"",cosal682@example.com,0
783,Contoso,Allen,NULL,O'Connor,Allen O'Connor,4782,"",yqda938@example.com,2
820,Contoso,Larry,NULL,Black,Larry Black,4819,"",fvjmwjt.ixvs@example.com,0
299,Contoso,Kristian,NULL,French,Kristian French,5298,"",blap.pgxqnxgl@example.com,0
347,Contoso,Arlene,NULL,Barrera,Arlene Barrera,5346,"",olrdpn.kabkw@example.com,0
650,Contoso,Deanna,NULL,Werner,Deanna Werner,5649,"",vnid.wqaezrxqjn@example.com,1
726,Contoso,Christina,NULL,Pittman,Christina Pittman,5725,"",wwusgbyj@example.com,1
776,Contoso,Salvador,Marcellus,Price,Salvador Marcellus Price,5775,"",awvysyo.jgdmuq@example.com,0
58,Contoso,Colby,NULL,Yu,Colby Yu,6057,"",trvseucv.rdlcq@example.com,0
72,Contoso,Lance,NULL,Gordon,Lance Gordon,6071,"",hgvqrpct40@example.com,1
78,Contoso,Allyson,Jeffry,Bradshaw,Allyson Jeffry Bradshaw,6077,"",dmabq341@example.com,1
511,Contoso,Jerrod,NULL,Fisher,Jerrod Fisher,6510,"",jiswz007@example.com,1
593,Contoso,Dan,Mitchell,Curtis,Dan Mitchell Curtis,6592,"",ehcjge8@example.com,1
657,Contoso,Franklin,Kraig,Winters,Franklin Kraig Winters,6656,"",wtmt765@example.com,1
682,Contoso,Scottie,Jerome,Medina,Scottie Jerome Medina,6681,"",fbzy@example.com,1
689,Contoso,Rolando,NULL,Cordova,Rolando Cordova,6688,"",pkizw.juuzilbz@example.com,0
987,Contoso,Jeannette,Kelly,Drake,Jeannette Kelly Drake,6986,"",elsyvyp242@example.com,0
670,Contoso,Dorothy,Evan,Conner,Dorothy Evan Conner,7669,"",uner2@example.com,0
837,Contoso,Lisa,Cyrus,Allison,Lisa Cyrus Allison,7836,"",jmiokze687@example.com,0
932,Contoso,Belinda,NULL,Tran,Belinda Tran,7931,"",rxqqtn3@example.com,0
933,Contoso,Anthony,Patrick,Craig,Anthony Patrick Craig,7932,"",volqafsi.qvsaapeyas@example.com,1
276,Contoso,Melody,Lamar,Leach,Melody Lamar Leach,8275,"",maaaphi179@example.com,1
504,Contoso,Iris,NULL,Villa,Iris Villa,8503,"",inke.rtrmmk@example.com,1
550,Contoso,Otis,Carroll,NULL,Otis Carroll NULL,8549,"",hpcbvy.ekkvgj@example.com,1
604,Contoso,Margaret,Landon,Mc Millan,Margaret Landon Mc Millan,8603,"",rxgt8@example.com,1
610,Contoso,Raquel,Benji,Morrison,Raquel Benji Morrison,8609,"",ywxzmf.qxazqogfid@example.com,0
639,Contoso,Marissa,Gregory,Poole,Marissa Gregory Poole,8638,"",dsrs.ivydurtjk@example.com,1
728,Contoso,Perry,Angelo,Glass,Perry Angelo Glass,8727,"",giud.mtzzrnjv@example.com,0
886,Contoso,Sandy,Silas,Atkinson,Sandy Silas Atkinson,8885,"",unqcu0@example.com,1
915,Contoso,Angelina,Graham,Potts,Angelina Graham Potts,8914,"",zadbw9@example.com,0
17,Contoso,Terence,Burton,Phelps,Terence Burton Phelps,9016,"",tljftb.nrzta@example.com,0
43,Contoso,Suzanne,Wade,White,Suzanne Wade White,9042,"",hcdcwqr3@example.com,0
108,Contoso,Audrey,Ezra,Gallagher,Audrey Ezra Gallagher,9107,"",lphzxn9@example.com,1
124,Contoso,Kara,NULL,Gillespie,Kara Gillespie,9123,"",bgun.wtqsrm@example.com,1
242,Contoso,Allison,Ashley,Chan,Allison Ashley Chan,9241,"",qclbh.ymgqbppyey@example.com,0
310,Contoso,Bobbi,Tyson,Gill,Bobbi Tyson Gill,9309,"",mmsx1@example.com,1
427,Contoso,Kelvin,NULL,Mejia,Kelvin Mejia,9426,"",uvgpq.tzzgzazke@example.com,1
562,Contoso,Lea,NULL,Vance,Lea Vance,9561,"",htkgwb0@example.com,1
666,Contoso,Clifford,NULL,Kidd,Clifford Kidd,9665,"",tjjjbqu.xtbfzytr@example.com,0
697,Contoso,Hugh,Alexis,Salinas,Hugh Alexis Salinas,9696,"",fexcy.bgmliyijh@example.com,0
799,Contoso,Colby,Dylan,Pitts,Colby Dylan Pitts,9798,"",mceijlhy.alsc@example.com,0
