100,Contoso,Nathan,Casey,Yates,Nathan Casey Yates,99,"",rkguhoun.tfzkdmgad@example.com,NULL
963,Contoso,Becky,Randal,Newton,Becky Randal Newton,962,"",riazkq.ppjdzblhy@example.com,1
156,Contoso,Yvonne,NULL,Parsons,Yvonne Parsons,1155,"",vzscvdao4@example.com,1
572,Contoso,Eileen,Ryan,Ayers,Eileen Ryan Ayers,1571,"",dyoojwna.pvdml@example.com,0
744,Contoso,Joe,NULL,Beard,Joe Beard,1743,"",kiqtd.yncguefmf@example.com,0
788,Contoso,Gavin,Marc,Zuniga,Gavin Marc Zuniga,1787,"",pwmirnvm6@example.com,1
568,Contoso,Benny,NULL,Acevedo,Benny Acevedo,2567,"",gfvqwk.qdkntcvrp@example.com,0
617,Contoso,Ricky,Colby,Dudley,Ricky Colby Dudley,2616,"",fjnn9@example.com,1
699,Contoso,Marie,Silas,Gallegos,Marie Silas Gallegos,2698,"",isbxq655@example.com,0
737,Contoso,Jeannie,Moses,Gonzales,Jeannie Moses Gonzales,2736,"",givx@example.com,0
830,Contoso,Clifford,Shad,Bonilla,Clifford Shad Bonilla,2829,"",wkxcxqgi.cpjvlmcm@example.com,1
975,Contoso,Leslie,August,Davidson,Leslie August Davidson,2974,"",zsnrl175@example.com,1
19,Contoso,Frankie,Clyde,Schmidt,Frankie Clyde Schmidt,3018,"",isypskhe.ynmgdr@example.com,1
163,Contoso,Jami,Eduardo,Stokes,Jami Eduardo Stokes,3162,"",jqcbzzzp@example.com,1
227,Contoso,Efrain,NULL,Santana,Efrain Santana,3226,"",lvqw30@example.com,1
302,Contoso,Debra,NULL,Ho,Debra Ho,3301,"",iktlktbw.irnz@example.com,1
559,Contoso,Elaine,NULL,Walters,Elaine Walters,3558,"",hvhag5@example.com,0
870,Contoso,Chester,Beau,Keith,Chester Beau Keith,3869,"",fbjk.jdpow@example.com,1
935,Contoso,Donovan,NULL,Campos,Donovan Campos,3934,"",yrfmqa@example.com,0
405,Contoso,Ann,Jabari,Walsh,Ann Jabari Walsh,4404,"",ctqroz.dcbxlsjhu@example.com,0
761,Contoso,Roger,Gary,Harper,Roger Gary Harper,4760,"",keyfn.qumhe@example.com,1
786,Contoso,Amber,NULL,Frye,Amber Frye,4785,"",ohyz@example.com,1
42,Contoso,Dwight,Buddy,Sims,Dwight Buddy Sims,5041,"",wldcyrby.dmrwhvcxb@example.com,2
215,Contoso,Edith,NULL,Mc Dowell,Edith Mc Dowell,5214,"",tihgx.qcewhv@example.com,0
375,Contoso,Kristina,Cody,Hurst,Kristina Cody Hurst,5374,"",sfbqcp.jegexxq@example.com,0
444,Contoso,Owen,Esteban,Choi,Owen Esteban Choi,5443,"",vlvi20@example.com,0
935,Contoso,Donovan,NULL,Campos,Donovan Campos,5934,"",yrfmqa@example.com,0
669,Contoso,Rafael,NULL,Douglas,Rafael Douglas,6668,"",zjtgpid7@example.com,1
723,Contoso,Tera,Wilfred,Brooks,Tera Wilfred Brooks,6722,"",kkjphnf@example.com,2
200,Contoso,Gabrielle,NULL,Frazier,Gabrielle Frazier,7199,"",rljmegg348@example.com,1
264,Contoso,Ivan,NULL,Simmons,Ivan Simmons,7263,"",kmjcqe.fsoj@example.com,0
297,Contoso,Lorena,Jeremy,Hickman,Lorena Jeremy Hickman,7296,"",weknksj.qzmd@example.com,0
366,Contoso,Calvin,NULL,Conner,Calvin Conner,7365,"",upiwldhj44@example.com,0
393,Contoso,Preston,Chadrick,Rich,Preston Chadrick Rich,7392,"",yjxtwot.tokdx@example.com,0
415,Contoso,Glenda,Julian,Sutton,Glenda Julian Sutton,7414,"",bsorcxn.ukbywk@example.com,1
451,Contoso,Warren,NULL,Bridges,Warren Bridges,7450,"",kyijdm.uhxgza@example.com,1
483,Contoso,Ernesto,NULL,Crosby,Ernesto Crosby,7482,"",bqebr@example.com,1
645,Contoso,Dawn,NULL,Barnett,Dawn Barnett,7644,"",sbujsg49@example.com,0
888,Contoso,Eli,NULL,Ross,Eli Ross,7887,"",epkysamg88@example.com,0
168,Contoso,Nina,NULL,Mccann,Nina Mccann,8167,"",mdfj.yxkkjg@example.com,1
232,Contoso,Bryce,NULL,Black,Bryce Black,8231,"",upxh.gdhqej@example.com,0
389,Contoso,Kristy,NULL,Horn,Kristy Horn,8388,"",esnrcxz.htkmjmeny@example.com,1
444,Contoso,Owen,Esteban,Choi,Owen Esteban Choi,8443,"",vlvi20@example.com,0
963,Contoso,Becky,Randal,Newton,Becky Randal Newton,8962,"",riazkq.ppjdzblhy@example.com,1
348,Contoso,Terrance,Barry,Lyons,Terrance Barry Lyons,9347,"",zkfjfr.bidovkypmz@example.com,1
558,Contoso,Jimmy,NULL,Mitchell,Jimmy Mitchell,9557,"",ugbr@example.com,0
735,Contoso,Shawna,Genaro,Vincent,Shawna Genaro Vincent,9734,"",laznpmce.kwfbbz@example.com,0
747,Contoso,Whitney,NULL,Avila,Whitney Avila,9746,"",ubie063@example.com,1
962,Contoso,Dora,Leo,Rush,Dora Leo Rush,9961,"",dezuiu.xspjowz@example.com,1
