268,Rodolfo,Darian,Mccall,267,Contoso,Male,oqxpf43@example.com,Rodolfo Darian Mccall,1999-03-10,Bristol,US
654,Billy,NULL,Woodward,653,Contoso,Others,txibyg.bohjyqshq@example.com,Billy Woodward,1963-06-11,Southend-on-Sea,US
200,Gabrielle,NULL,Frazier,1199,Contoso,Male,rljmegg348@example.com,Gabrielle Frazier,1992-09-15,Telford,US
296,Tyler,NULL,Horne,1295,Contoso,Others,ebyd.wderpx@example.com,Tyler Horne,1990-11-03,Rotherham,US
433,Austin,Lowell,Boyd,1432,Contoso,Male,bakmhmtm308@example.com,Austin Lowell Boyd,1997-03-16,Watford,US
462,Bridgette,NULL,Collins,1461,Contoso,Male,qntoe.sbtl@example.com,Bridgette Collins,1994-07-30,Manchester,US
697,Hugh,Alexis,Salinas,1696,Contoso,Others,fexcy.bgmliyijh@example.com,Hugh Alexis Salinas,1990-03-06,Oxford,US
111,Amanda,Mathew,Watts,2110,Contoso,Others,wylmugc6@example.com,Amanda Mathew Watts,1991-11-26,Northampton,US
116,Alexander,NULL,Cooke,2115,Contoso,Others,zuxklmyk@example.com,Alexander Cooke,1986-05-20,Leicester,US
441,Virginia,NULL,Herman,2440,Contoso,Others,sqpqxgqd.uiiiwrzbu@example.com,Virginia Herman,1982-12-08,Southend-on-Sea,US
652,Barry,NULL,Golden,2651,Contoso,Others,axkfyxd.kwaeqzbwk@example.com,Barry Golden,1983-06-03,Leeds,US
813,Victoria,NULL,Lang,2812,Contoso,Male,caquh.scecy@example.com,Victoria Lang,1999-01-16,Southampton,US
533,Jayson,Ashley,Guerra,3532,Contoso,Male,cchiaeh74@example.com,Jayson Ashley Guerra,1999-01-15,Rotherham,US
680,Kendall,Stacy,Lucero,3679,Contoso,Female,sjui.ztqmrwmac@example.com,Kendall Stacy Lucero,1985-04-03,Gloucester,US
759,Dexter,Frank,Dunlap,3758,Contoso,Others,nkzdlyoi.yuvuazabo@example.com,Dexter Frank Dunlap,1964-07-11,Gloucester,US
869,Marianne,Clinton,Trevino,3868,Contoso,Others,ndrojlz581@example.com,Marianne Clinton Trevino,1956-10-24,Exeter,US
121,Arturo,Aurelio,Baker,4120,Contoso,Female,uynx394@example.com,Arturo Aurelio Baker,1981-02-11,Plymouth,US
206,Ismael,Eugene,Cline,4205,Contoso,Male,uzmx.yiefs@example.com,Ismael Eugene Cline,1985-02-09,Slough,US
565,Shelia,NULL,Kelly,4564,Contoso,Male,qubaqhj.hjirwn@example.com,Shelia Kelly,1989-11-02,Plymouth,US
632,Theodore,Karl,Farmer,4631,Contoso,Male,gkeqagi@example.com,Theodore Karl Farmer,1991-09-11,Colchester,US
656,Bryon,Jayme,Lutz,4655,Contoso,Female,voaubehm.udfzrv@example.com,Bryon Jayme Lutz,1983-09-16,Wolverhampton,US
668,Pamela,NULL,Mc Knight,4667,Contoso,Male,fhqugds@example.com,Pamela Mc Knight,1999-12-27,Coventry,US
680,Kendall,Stacy,Lucero,4679,Contoso,Female,sjui.ztqmrwmac@example.com,Kendall Stacy Lucero,1985-04-03,Gloucester,US
130,James,Donny,Ali,5129,Contoso,Male,kcvdhvx06@example.com,James Donny Ali,1995-02-17,Telford,US
414,Jamal,Preston,Larsen,5413,Contoso,Others,eqcw@example.com,Jamal Preston Larsen,1958-09-17,Eastbourne,US
576,Tony,NULL,Hess,5575,Contoso,Male,jahqbijj.nekvhwsld@example.com,Tony Hess,1995-05-04,Exeter,US
585,Stuart,Donovan,Leblanc,5584,Contoso,Male,cmergvs@example.com,Stuart Donovan Leblanc,1990-11-01,Cambridge,US
623,Gustavo,NULL,Alvarado,5622,Contoso,Male,qjvzz.skyeywz@example.com,Gustavo Alvarado,1999-12-07,Slough,US
754,Jeanne,NULL,Sawyer,5753,Contoso,Others,pnknkem3@example.com,Jeanne Sawyer,1950-11-10,BlaCronus Internationalpool,US
44,Cari,Kendall,Welch,6043,Contoso,Male,ksgot@example.com,Cari Kendall Welch,1950-05-05,Bradford,US
149,Scot,Jameson,Horn,6148,Contoso,Male,wvviab.karpzwher@example.com,Scot Jameson Horn,1956-06-06,Bolton,US
432,Devon,NULL,Hernandez,6431,Contoso,Male,hlgql.jobccpjqpz@example.com,Devon Hernandez,1990-06-04,NULL,US
623,Gustavo,NULL,Alvarado,6622,Contoso,Male,qjvzz.skyeywz@example.com,Gustavo Alvarado,1999-12-07,Slough,US
662,Telly,Brain,Cruz,6661,Contoso,Male,jdkx@example.com,Telly Brain Cruz,1993-10-19,Poole,US
181,Juanita,NULL,Mays,7180,Contoso,Male,eoiejegn.usqnftimg@example.com,Juanita Mays,1984-05-28,London,US
348,Terrance,Barry,Lyons,7347,Contoso,Male,zkfjfr.bidovkypmz@example.com,Terrance Barry Lyons,1997-07-27,Oldham,US
413,Marilyn,Gustavo,O'Connell,7412,Contoso,Male,welg.igcofi@example.com,Marilyn Gustavo O'Connell,1998-04-27,Kingston upon Hull,US
567,Edward,NULL,Cummings,7566,Contoso,Others,qslyqd50@example.com,Edward Cummings,1993-04-14,Cambridge,US
638,Nelson,Jarod,Ewing,7637,Contoso,Male,bqwekd.fwkmxry@example.com,Nelson Jarod Ewing,1997-09-04,Eastbourne,US
854,Gena,Jamel,Conner,7853,Contoso,Others,ommsdycw0@example.com,Gena Jamel Conner,1953-02-25,Rotherham,US
110,Paula,NULL,Sims,8109,Contoso,Male,diywg.oscwgveoxl@example.com,Paula Sims,1995-07-15,Liverpool,US
319,Wallace,Jimmy,West,8318,Contoso,Others,lkzizg773@example.com,Wallace Jimmy West,1950-04-07,Coventry,US
326,Isaac,Keith,DiCronus Internationalson,8325,Contoso,Male,cvqp070@example.com,Isaac Keith DiCronus Internationalson,1993-04-29,Stoke-on-Trent,US
645,Dawn,NULL,Barnett,8644,Contoso,Others,sbujsg49@example.com,Dawn Barnett,1993-08-29,Ipswich,US
797,Nikki,NULL,Kent,8796,Contoso,Others,mqzazo026@example.com,Nikki Kent,1991-04-24,Watford,US
836,Wade,Luther,Navarro,8835,Contoso,Female,nkrhmx.vhcwuiqr@example.com,Wade Luther Navarro,1992-04-17,Exeter,US
223,Erica,NULL,Mora,9222,Contoso,Male,vfdtlwq@example.com,Erica Mora,1997-11-28,Bristol,US
863,Lance,Mason,Rodgers,9862,Contoso,Others,zusvak.zarvueljaa@example.com,Lance Mason Rodgers,1999-12-28,Bradford,US
876,Alfonso,NULL,Tyler,9875,Contoso,Male,zgcyjcw87@example.com,Alfonso Tyler,1983-02-21,Bournemouth,US
914,Emily,Todd,Reynolds,9913,Contoso,Others,apykdsbr@example.com,Emily Todd Reynolds,1961-07-11,Huddersfield,US
