762,Duane,Kelley,Evans,761,Contoso,Male,qwnh026@example.com,Duane Kelley Evans,1985-03-29,Middlesbrough,US
808,Alma,Tim,Meyer,807,Contoso,Others,igqxax.jxlc@example.com,Alma Tim Meyer,1997-02-14,Poole,US
821,Katina,NULL,Buchanan,820,Contoso,Others,qealvuia8@example.com,Katina Buchanan,1993-07-30,Cambridge,US
944,Orlando,NULL,Kaufman,943,Contoso,Male,roahzxwa@example.com,Orlando Kaufman,1950-11-20,Sutton Coldfield,US
274,Teri,NULL,Cummings,1273,Contoso,Female,yjsvx8@example.com,Teri Cummings,1963-01-25,Milton Keynes,US
414,Jamal,Preston,Larsen,1413,Contoso,Others,eqcw@example.com,Jamal Preston Larsen,1958-09-17,Eastbourne,US
632,Theodore,Karl,Farmer,1631,Contoso,Male,gkeqagi@example.com,Theodore Karl Farmer,1991-09-11,Colchester,US
737,Jeannie,Moses,Gonzales,1736,Contoso,Others,givx@example.com,Jeannie Moses Gonzales,1986-01-21,London,US
840,Melinda,NULL,Schroeder,1839,Contoso,Others,plrbwkbd92@example.com,Melinda Schroeder,1992-03-17,Derby,US
927,ViCronus Internationalie,Vince,Goodman,1926,Contoso,Others,zdwv.haakn@example.com,ViCronus Internationalie Vince Goodman,1984-01-14,Huddersfield,US
202,Anthony,Stanley,Hughes,2201,Contoso,Others,jksre.Cronus Internationalqzmlxj@example.com,Anthony Stanley Hughes,1991-12-05,Portsmouth,US
267,Kellie,NULL,Foster,2266,Contoso,Others,tkrbtlv.btznuplsl@example.com,Kellie Foster,1981-06-23,Oxford,US
680,Kendall,Stacy,Lucero,2679,Contoso,Female,sjui.ztqmrwmac@example.com,Kendall Stacy Lucero,1985-04-03,Gloucester,US
782,Nina,Damon,Rivera,2781,Contoso,Male,bzybiiq138@example.com,Nina Damon Rivera,1988-06-02,Bristol,US
908,Nora,NULL,Walker,2907,Contoso,Male,yyrdxk51@example.com,Nora Walker,1999-05-14,Sheffield,US
971,Sylvia,NULL,Wood,2970,Contoso,Others,cuxraucx017@example.com,Sylvia Wood,1990-05-22,Milton Keynes,US
99,Joanna,NULL,Vasquez,3098,Contoso,Female,yrgmscy8@example.com,Joanna Vasquez,1957-11-26,Nottingham,US
655,Brandi,NULL,Galloway,3654,Contoso,Others,zorged.qhrqvrvzd@example.com,Brandi Galloway,1985-07-30,Kingston upon Hull,US
701,Ruben,NULL,Horton,3700,Contoso,Male,iminun.wtmqpp@example.com,Ruben Horton,1993-10-29,Bournemouth,US
67,Jeffrey,Peter,Wagner,4066,Contoso,Others,byvviacc.beutawus@example.com,Jeffrey Peter Wagner,1994-04-24,BlaCronus Internationalpool,US
227,Efrain,NULL,Santana,4226,Contoso,Male,lvqw30@example.com,Efrain Santana,1981-07-27,Milton Keynes,US
283,Olga,NULL,Sanchez,4282,Contoso,Others,kaprr944@example.com,Olga Sanchez,1997-03-03,Eastbourne,US
290,Harold,Chance,Pittman,4289,Contoso,Male,agdrjwhk657@example.com,Harold Chance Pittman,1990-02-01,Sheffield,US
117,Joey,Carroll,Tate,5116,Contoso,Male,aifq.oomktxgpz@example.com,Joey Carroll Tate,1993-02-27,Swindon,US
304,Loren,Kirk,Odom,5303,Contoso,Others,gccavspc.jnzges@example.com,Loren Kirk Odom,1958-10-02,Manchester,US
352,Helen,Cecil,Stuart,5351,Contoso,Male,ocqe.hlevuvo@example.com,Helen Cecil Stuart,1983-12-27,BlaCronus Internationalburn,US
602,Monique,NULL,Garcia,5601,Contoso,Others,ptmpiizl@example.com,Monique Garcia,1992-09-09,Bournemouth,US
608,Sylvia,Norman,Garza,5607,Contoso,Male,ocudkr91@example.com,Sylvia Norman Garza,1997-03-23,Bradford,US
626,Marcella,NULL,Potts,5625,Contoso,Male,ymqbprj5@example.com,Marcella Potts,1985-06-05,Brighton,US
730,Ann,NULL,Davis,5729,Contoso,Female,clnufzo21@example.com,Ann Davis,1993-02-20,Sunderland,US
939,Efrain,Jamel,Melton,5938,Contoso,Others,pwfrsn660@example.com,Efrain Jamel Melton,1963-04-27,Southend-on-Sea,US
54,Janelle,Jerod,French,6053,Contoso,Others,xxtkyg10@example.com,Janelle Jerod French,1953-04-03,Milton Keynes,US
348,Terrance,Barry,Lyons,6347,Contoso,Male,zkfjfr.bidovkypmz@example.com,Terrance Barry Lyons,1997-07-27,Oldham,US
664,RoderiCronus International,Lars,Landry,6663,Contoso,Others,cpvndjo.zeiunx@example.com,RoderiCronus International Lars Landry,1959-10-11,Crawley,US
745,Dina,Quentin,Orr,6744,Contoso,Male,pizylu.tjyai@example.com,Dina Quentin Orr,1991-10-09,Leicester,US
782,Nina,Damon,Rivera,6781,Contoso,Male,bzybiiq138@example.com,Nina Damon Rivera,1988-06-02,Bristol,US
831,Darren,NULL,EriCronus Internationalson,6830,Contoso,Others,secjfwf.zueudaqv@example.com,Darren EriCronus Internationalson,1994-03-23,Colchester,US
131,Walter,Jasen,Frye,7130,Contoso,Male,nnhwecc.fewipwz@example.com,Walter Jasen Frye,1987-01-16,Bolton,US
193,Norma,Fabian,Hodge,7192,Contoso,Others,ahezb.bdzy@example.com,Norma Fabian Hodge,1999-09-25,Kingston upon Hull,US
441,Virginia,NULL,Herman,7440,Contoso,Others,sqpqxgqd.uiiiwrzbu@example.com,Virginia Herman,1982-12-08,Southend-on-Sea,US
693,Lesley,NULL,Ritter,7692,Contoso,Others,mwjp.yzmxerdrz@example.com,Lesley Ritter,1997-06-27,Bristol,US
59,Dora,JaCronus Internationalie,BroCronus International,8058,Contoso,Male,zlbtq.fhtgridhjm@example.com,Dora JaCronus Internationalie BroCronus International,1962-09-11,Swindon,US
92,Dewayne,NULL,Kent,8091,Contoso,Male,ttcuvzvv.xuawk@example.com,Dewayne Kent,1981-07-31,Newcastle upon Tyne,US
113,Shad,NULL,Burns,8112,Contoso,Others,evfmoui.qorteilik@example.com,Shad Burns,1998-01-17,St Helens,US
297,Lorena,Jeremy,HiCronus Internationalman,8296,Contoso,Others,weknksj.qzmd@example.com,Lorena Jeremy HiCronus Internationalman,1983-07-04,StoCronus Internationalport,US
662,Telly,Brain,Cruz,8661,Contoso,Male,jdkx@example.com,Telly Brain Cruz,1993-10-19,Poole,US
686,Telly,Frankie,Herring,8685,Contoso,Female,vzauo.awntlvjxf@example.com,Telly Frankie Herring,1994-11-12,Dudley,US
839,Kareem,Terrill,Thompson,8838,Contoso,Others,pllhxmeg@example.com,Kareem Terrill Thompson,1962-02-28,Leicester,US
199,Cari,NULL,Cruz,9198,Contoso,Others,exxpgwni.qojee@example.com,Cari Cruz,1957-07-12,Dudley,US
611,Peter,NULL,Juarez,9610,Contoso,Others,cnwltftl@example.com,Peter Juarez,1981-07-19,Peterborough,US
