840,Melinda,Schroeder,NULL,MelindaSchroeder,839,3/17/1992
935,Donovan,Campos,NULL,DonovanCampos,934,12/14/1985
129,Ramona,Hoffman,NULL,RamonaHoffman,1128,6/23/1955
230,Wesley,Blanchard,NULL,WesleyBlanchard,1229,4/29/1990
233,Holly,Roman,NULL,HollyRoman,1232,12/18/1997
345,Blanca,Mooney,Tyrone,BlancaTyroneMooney,1344,3/4/1992
454,Quentin,Bradshaw,Burton,QuentinBurtonBradshaw,1453,3/19/1957
515,Grace,Mckinney,Carmen,GraceCarmenMckinney,1514,9/21/1982
713,Jennifer,Mays,Danny,JenniferDannyMays,1712,1/16/1998
889,Lamar,Beck,NULL,LamarBeck,1888,11/17/1950
938,Johnathan,Beard,NULL,JohnathanBeard,1937,7/12/1999
130,James,Ali,Donny,JamesDonnyAli,2129,2/17/1995
153,Clayton,Pitts,Blair,ClaytonBlairPitts,2152,7/11/1999
200,Gabrielle,Frazier,NULL,GabrielleFrazier,2199,9/15/1992
208,Dewayne,Weeks,Bradly,DewayneBradlyWeeks,2207,6/30/1998
474,Whitney,Stephenson,Rodger,WhitneyRodgerStephenson,2473,5/30/1960
741,Allen,Gonzalez,NULL,AllenGonzalez,2740,12/21/1994
836,Wade,Navarro,Luther,WadeLutherNavarro,2835,4/17/1992
102,Marcus,Abbott,NULL,MarcusAbbott,3101,8/10/1982
347,Arlene,Barrera,NULL,ArleneBarrera,3346,7/1/1991
406,Ian,Logan,Ted,IanTedLogan,3405,8/7/1992
49,Quincy,Fischer,NULL,QuincyFischer,4048,11/30/1958
433,Austin,Boyd,Lowell,AustinLowellBoyd,4432,3/16/1997
443,Claire,Mc Intyre,Lonny,ClaireLonnyMc Intyre,4442,2/10/1998
651,Elena,Vasquez,NULL,ElenaVasquez,4650,1/16/1995
288,Bridget,Hernandez,Augustine,BridgetAugustineHernandez,5287,7/2/1997
648,Brandy,Fletcher,NULL,BrandyFletcher,5647,8/31/1999
885,Toby,Buckley,NULL,TobyBuckley,5884,4/15/1993
7,Frank,Todd,Matt,FrankMattTodd,6006,11/21/1984
252,Jonathan,Lindsey,Henry,JonathanHenryLindsey,6251,6/5/1990
524,Gretchen,Frederick,Peter,GretchenPeterFrederick,6523,1/31/1952
675,Jared,Morrison,Ruben,JaredRubenMorrison,6674,12/16/1993
783,Allen,O'Connor,NULL,AllenO'Connor,6782,2/9/1999
6,Ginger,Torres,Laurence,GingerLaurenceTorres,7005,3/23/1993
61,Rex,Mosley,Juan,RexJuanMosley,7060,8/24/1982
154,Kerrie,Henson,NULL,KerrieHenson,7153,3/25/1952
169,Lloyd,Rosario,Osvaldo,LloydOsvaldoRosario,7168,6/27/1956
364,Jennie,Stark,NULL,JennieStark,7363,6/13/1961
392,Curtis,Mc Cormick,NULL,CurtisMc Cormick,7391,9/16/1995
746,Sherri,Cardenas,Myles,SherriMylesCardenas,7745,3/29/1993
844,Howard,Alvarado,Darrel,HowardDarrelAlvarado,7843,4/12/1950
49,Quincy,Fischer,NULL,QuincyFischer,8048,11/30/1958
50,Alyssa,NULL,NULL,AlyssaNULL,8049,4/12/1983
224,Jim,Nelson,Irving,JimIrvingNelson,8223,10/14/1955
357,Bridgett,Green,Kelley,BridgettKelleyGreen,8356,8/5/1989
658,Jack,Chen,Delbert,JackDelbertChen,8657,1/24/1998
67,Jeffrey,Wagner,Peter,JeffreyPeterWagner,9066,4/24/1994
134,Charity,Wong,NULL,CharityWong,9133,11/23/1962
