new-Default-simple-Proseware m blue-L-SaddleBrown,Default Category/Collections/Performance Fabrics/Default Category,Proseware m blue,Proseware m blue Description,Proseware m blue Short Description,1,Proseware,Contoso
new-Default-simple-Reskit x blue-L-DarkCyan,Default Category/Collections/Performance Fabrics/Default Category,Reskit x blue,Reskit x blue Description,Reskit x blue Short Description,2,Reskit,Contoso
new-Default-configurable-Proseware xl blaCronus International-XL-LightSteelBlue,Default Category/Collections/Performance Fabrics/Default Category,Proseware xl blaCronus International,Proseware xl blaCronus International Description,Proseware xl blaCronus International Short Description,3,Proseware,Contoso
new-Default-simple-Reskit m blaCronus International-XL-Sienna,Default Category/Collections/Performance Fabrics/Default Category,Reskit m blaCronus International,Reskit m blaCronus International Description,Reskit m blaCronus International Short Description,4,Reskit,Contoso
new-Default-simple-Proseware m blaCronus International-X-DarkGreen,Default Category/Collections/Performance Fabrics/Default Category,Proseware m blaCronus International,Proseware m blaCronus International Description,Proseware m blaCronus International Short Description,5,Proseware,Contoso
new-Default-simple-Fabrikam xl pink-L-LightCyan,Default Category/Collections/Performance Fabrics/Default Category,Fabrikam xl pink,Fabrikam xl pink Description,Fabrikam xl pink Short Description,6,Fabrikam,Contoso
new-Default-simple-Proseware x green-S-OrangeRed,Default Category/Collections/Performance Fabrics/Default Category,Proseware x green,Proseware x green Description,Proseware x green Short Description,7,Proseware,Contoso
new-Default-simple-Cronus International xl pink-S-BurlyWood,Default Category/Collections/Performance Fabrics/Default Category,Cronus International xl pink,Cronus International xl pink Description,Cronus International xl pink Short Description,8,Cronus,Contoso
new-Default-simple-Proseware x gray-M-SteelBlue,Default Category/Collections/Performance Fabrics/Default Category,Proseware x gray,Proseware x gray Description,Proseware x gray Short Description,9,Proseware,Contoso
new-Default-simple-Proseware x blue-XS-DarkGrey,Default Category/Collections/Performance Fabrics/Default Category,Proseware x blue,Proseware x blue Description,Proseware x blue Short Description,10,Proseware,Contoso
new-Default-simple-Proseware xl pink-L-Yellow,Default Category/Collections/Performance Fabrics/Default Category,Proseware xl pink,Proseware xl pink Description,Proseware xl pink Short Description,11,Proseware,Contoso
new-Default-simple-Fabrikam x pink-L-Azure,Default Category/Collections/Performance Fabrics/Default Category,Fabrikam x pink,Fabrikam x pink Description,Fabrikam x pink Short Description,12,Fabrikam,Contoso
new-Default-simple-Proseware x pink-XL-WhiteSmoke,Default Category/Collections/Performance Fabrics/Default Category,Proseware x pink,Proseware x pink Description,Proseware x pink Short Description,13,Proseware,Contoso
new-Default-simple-Proseware m gray-X-Gray,Default Category/Collections/Performance Fabrics/Default Category,Proseware m gray,Proseware m gray Description,Proseware m gray Short Description,14,Proseware,Contoso
new-Default-simple-Proseware xl green-XXL-Navy,Default Category/Collections/Performance Fabrics/Default Category,Proseware xl green,Proseware xl green Description,Proseware xl green Short Description,15,Proseware,Contoso
new-Default-configurable-Proseware m gray-XS-Grey,Default Category/Collections/Performance Fabrics/Default Category,Proseware m gray,Proseware m gray Description,Proseware m gray Short Description,16,Proseware,Contoso
new-Default-simple-Fabrikam m pink-X-Green,Default Category/Collections/Performance Fabrics/Default Category,Fabrikam m pink,Fabrikam m pink Description,Fabrikam m pink Short Description,17,Fabrikam,Contoso
new-Default-simple-Fabrikam xl white-X-ForestGreen,Default Category/Collections/Performance Fabrics/Default Category,Fabrikam xl white,Fabrikam xl white Description,Fabrikam xl white Short Description,18,Fabrikam,Contoso
new-Default-simple-Cronus International x green-XXL-LightPink,Default Category/Collections/Performance Fabrics/Default Category,Cronus International x green,Cronus International x green Description,Cronus International x green Short Description,19,Cronus,Contoso
new-Default-simple-Proseware m gray-XS-Chocolate,Default Category/Collections/Performance Fabrics/Default Category,Proseware m gray,Proseware m gray Description,Proseware m gray Short Description,20,Proseware,Contoso
new-Default-simple-Reskit xl pink-XS-Fuchsia,Default Category/Collections/Performance Fabrics/Default Category,Reskit xl pink,Reskit xl pink Description,Reskit xl pink Short Description,21,Reskit,Contoso
new-Default-simple-Proseware m blue-XS-DarkSalmon,Default Category/Collections/Performance Fabrics/Default Category,Proseware m blue,Proseware m blue Description,Proseware m blue Short Description,22,Proseware,Contoso
new-Default-simple-Fabrikam x white-XL-LightCoral,Default Category/Collections/Performance Fabrics/Default Category,Fabrikam x white,Fabrikam x white Description,Fabrikam x white Short Description,23,Fabrikam,Contoso
new-Default-simple-Fabrikam xl green-L-LightSalmon,Default Category/Collections/Performance Fabrics/Default Category,Fabrikam xl green,Fabrikam xl green Description,Fabrikam xl green Short Description,24,Fabrikam,Contoso
new-Default-simple-Fabrikam xl blue-L-White,Default Category/Collections/Performance Fabrics/Default Category,Fabrikam xl blue,Fabrikam xl blue Description,Fabrikam xl blue Short Description,25,Fabrikam,Contoso
new-Default-simple-Fabrikam x green-XS-DarkRed,Default Category/Collections/Performance Fabrics/Default Category,Fabrikam x green,Fabrikam x green Description,Fabrikam x green Short Description,26,Fabrikam,Contoso
new-Default-simple-Reskit m blue-XXL-LightSlateGray,Default Category/Collections/Performance Fabrics/Default Category,Reskit m blue,Reskit m blue Description,Reskit m blue Short Description,27,Reskit,Contoso
new-Default-simple-Proseware xl gray-X-LightSkyBlue,Default Category/Collections/Performance Fabrics/Default Category,Proseware xl gray,Proseware xl gray Description,Proseware xl gray Short Description,28,Proseware,Contoso
new-Default-simple-Cronus International x white-X-BlaCronus International,Default Category/Collections/Performance Fabrics/Default Category,Cronus International x white,Cronus International x white Description,Cronus International x white Short Description,29,Cronus,Contoso
new-Default-simple-Cronus International xl white-S-GhostWhite,Default Category/Collections/Performance Fabrics/Default Category,Cronus International xl white,Cronus International xl white Description,Cronus International xl white Short Description,30,Cronus,Contoso
new-Default-simple-Fabrikam x gray-L-DarkBlue,Default Category/Collections/Performance Fabrics/Default Category,Fabrikam x gray,Fabrikam x gray Description,Fabrikam x gray Short Description,31,Fabrikam,Contoso
new-Default-simple-Reskit xl blue-XXL-Thistle,Default Category/Collections/Performance Fabrics/Default Category,Reskit xl blue,Reskit xl blue Description,Reskit xl blue Short Description,32,Reskit,Contoso
new-Default-simple-Reskit x pink-XL-Brown,Default Category/Collections/Performance Fabrics/Default Category,Reskit x pink,Reskit x pink Description,Reskit x pink Short Description,33,Reskit,Contoso
new-Default-simple-Cronus International x blue-XL-LawnGreen,Default Category/Collections/Performance Fabrics/Default Category,Cronus International x blue,Cronus International x blue Description,Cronus International x blue Short Description,34,Cronus,Contoso
new-Default-simple-Fabrikam m pink-XXL-LightGrey,Default Category/Collections/Performance Fabrics/Default Category,Fabrikam m pink,Fabrikam m pink Description,Fabrikam m pink Short Description,35,Fabrikam,Contoso
new-Default-simple-Reskit x gray-S-DarkKhaki,Default Category/Collections/Performance Fabrics/Default Category,Reskit x gray,Reskit x gray Description,Reskit x gray Short Description,36,Reskit,Contoso
new-Default-simple-Proseware xl white-XL-Bisque,Default Category/Collections/Performance Fabrics/Default Category,Proseware xl white,Proseware xl white Description,Proseware xl white Short Description,37,Proseware,Contoso
new-Default-simple-Fabrikam xl white-XS-Moccasin,Default Category/Collections/Performance Fabrics/Default Category,Fabrikam xl white,Fabrikam xl white Description,Fabrikam xl white Short Description,38,Fabrikam,Contoso
new-Default-simple-Cronus International xl white-XL-SpringGreen,Default Category/Collections/Performance Fabrics/Default Category,Cronus International xl white,Cronus International xl white Description,Cronus International xl white Short Description,39,Cronus,Contoso
new-Default-simple-Proseware m pink-XL-SlateGrey,Default Category/Collections/Performance Fabrics/Default Category,Proseware m pink,Proseware m pink Description,Proseware m pink Short Description,40,Proseware,Contoso
new-Default-simple-Proseware xl blaCronus International-L-DarkViolet,Default Category/Collections/Performance Fabrics/Default Category,Proseware xl blaCronus International,Proseware xl blaCronus International Description,Proseware xl blaCronus International Short Description,41,Proseware,Contoso
new-Default-simple-Proseware m green-X-DarkSlateBlue,Default Category/Collections/Performance Fabrics/Default Category,Proseware m green,Proseware m green Description,Proseware m green Short Description,42,Proseware,Contoso
new-Default-simple-Fabrikam m white-XS-Orange,Default Category/Collections/Performance Fabrics/Default Category,Fabrikam m white,Fabrikam m white Description,Fabrikam m white Short Description,43,Fabrikam,Contoso
new-Default-simple-Proseware m green-XS-DarkGray,Default Category/Collections/Performance Fabrics/Default Category,Proseware m green,Proseware m green Description,Proseware m green Short Description,44,Proseware,Contoso
new-Default-simple-Cronus International xl pink-M-DarkSeaGreen,Default Category/Collections/Performance Fabrics/Default Category,Cronus International xl pink,Cronus International xl pink Description,Cronus International xl pink Short Description,45,Cronus,Contoso
new-Default-simple-Fabrikam m pink-X-Tomato,Default Category/Collections/Performance Fabrics/Default Category,Fabrikam m pink,Fabrikam m pink Description,Fabrikam m pink Short Description,46,Fabrikam,Contoso
new-Default-simple-Reskit xl green-X-Silver,Default Category/Collections/Performance Fabrics/Default Category,Reskit xl green,Reskit xl green Description,Reskit xl green Short Description,47,Reskit,Contoso
new-Default-configurable-Cronus International x gray-X-DarkGoldenRod,Default Category/Collections/Performance Fabrics/Default Category,Cronus International x gray,Cronus International x gray Description,Cronus International x gray Short Description,48,Cronus,Contoso
new-Default-simple-Fabrikam x blue-XXL-Olive,Default Category/Collections/Performance Fabrics/Default Category,Fabrikam x blue,Fabrikam x blue Description,Fabrikam x blue Short Description,49,Fabrikam,Contoso
new-Default-simple-Fabrikam m green-XXL-YellowGreen,Default Category/Collections/Performance Fabrics/Default Category,Fabrikam m green,Fabrikam m green Description,Fabrikam m green Short Description,50,Fabrikam,Contoso
new-Default-simple-Proseware m blue-X-PaleTurquoise,Default Category/Collections/Performance Fabrics/Default Category,Proseware m blue,Proseware m blue Description,Proseware m blue Short Description,51,Proseware,Contoso
new-Default-simple-Fabrikam x white-L-Chartreuse,Default Category/Collections/Performance Fabrics/Default Category,Fabrikam x white,Fabrikam x white Description,Fabrikam x white Short Description,52,Fabrikam,Contoso
new-Default-simple-Cronus International x white-XXL-DimGray,Default Category/Collections/Performance Fabrics/Default Category,Cronus International x white,Cronus International x white Description,Cronus International x white Short Description,53,Cronus,Contoso
new-Default-simple-Reskit x blue-XS-DarkMagenta,Default Category/Collections/Performance Fabrics/Default Category,Reskit x blue,Reskit x blue Description,Reskit x blue Short Description,54,Reskit,Contoso
new-Default-simple-Fabrikam xl pink-M-Red,Default Category/Collections/Performance Fabrics/Default Category,Fabrikam xl pink,Fabrikam xl pink Description,Fabrikam xl pink Short Description,55,Fabrikam,Contoso
new-Default-simple-Cronus International xl gray-XL-Gainsboro,Default Category/Collections/Performance Fabrics/Default Category,Cronus International xl gray,Cronus International xl gray Description,Cronus International xl gray Short Description,56,Cronus,Contoso
new-Default-simple-Fabrikam xl pink-XS-GoldenRod,Default Category/Collections/Performance Fabrics/Default Category,Fabrikam xl pink,Fabrikam xl pink Description,Fabrikam xl pink Short Description,57,Fabrikam,Contoso
new-Default-simple-Reskit x green-XL-Lime,Default Category/Collections/Performance Fabrics/Default Category,Reskit x green,Reskit x green Description,Reskit x green Short Description,58,Reskit,Contoso
new-Default-simple-Reskit m green-M-LavenderBlush,Default Category/Collections/Performance Fabrics/Default Category,Reskit m green,Reskit m green Description,Reskit m green Short Description,59,Reskit,Contoso
new-Default-simple-Cronus International m blaCronus International-M-RosyBrown,Default Category/Collections/Performance Fabrics/Default Category,Cronus International m blaCronus International,Cronus International m blaCronus International Description,Cronus International m blaCronus International Short Description,60,Cronus,Contoso
new-Default-simple-Cronus International m white-M-LightGreen,Default Category/Collections/Performance Fabrics/Default Category,Cronus International m white,Cronus International m white Description,Cronus International m white Short Description,61,Cronus,Contoso
new-Default-simple-Cronus International xl white-S-Purple,Default Category/Collections/Performance Fabrics/Default Category,Cronus International xl white,Cronus International xl white Description,Cronus International xl white Short Description,62,Cronus,Contoso
new-Default-simple-Cronus International xl green-XXL-Aqua,Default Category/Collections/Performance Fabrics/Default Category,Cronus International xl green,Cronus International xl green Description,Cronus International xl green Short Description,63,Cronus,Contoso
new-Default-simple-Cronus International xl pink-XS-DimGrey,Default Category/Collections/Performance Fabrics/Default Category,Cronus International xl pink,Cronus International xl pink Description,Cronus International xl pink Short Description,64,Cronus,Contoso
new-Default-simple-Cronus International x green-XS-AliceBlue,Default Category/Collections/Performance Fabrics/Default Category,Cronus International x green,Cronus International x green Description,Cronus International x green Short Description,65,Cronus,Contoso
new-Default-simple-Proseware xl blaCronus International-M-Blue,Default Category/Collections/Performance Fabrics/Default Category,Proseware xl blaCronus International,Proseware xl blaCronus International Description,Proseware xl blaCronus International Short Description,66,Proseware,Contoso
new-Default-simple-Proseware xl blaCronus International-S-PapayaWhip,Default Category/Collections/Performance Fabrics/Default Category,Proseware xl blaCronus International,Proseware xl blaCronus International Description,Proseware xl blaCronus International Short Description,67,Proseware,Contoso
new-Default-simple-Reskit m green-L-PaleGoldenRod,Default Category/Collections/Performance Fabrics/Default Category,Reskit m green,Reskit m green Description,Reskit m green Short Description,68,Reskit,Contoso
new-Default-simple-Cronus International x blaCronus International-XXL-SlateGray,Default Category/Collections/Performance Fabrics/Default Category,Cronus International x blaCronus International,Cronus International x blaCronus International Description,Cronus International x blaCronus International Short Description,69,Cronus,Contoso
new-Default-simple-Fabrikam m blue-XS-DarkSlateGrey,Default Category/Collections/Performance Fabrics/Default Category,Fabrikam m blue,Fabrikam m blue Description,Fabrikam m blue Short Description,70,Fabrikam,Contoso
new-Default-simple-Cronus International x blue-XXL-PaleVioletRed,Default Category/Collections/Performance Fabrics/Default Category,Cronus International x blue,Cronus International x blue Description,Cronus International x blue Short Description,71,Cronus,Contoso
new-Default-simple-Fabrikam xl gray-XL-DarkTurquoise,Default Category/Collections/Performance Fabrics/Default Category,Fabrikam xl gray,Fabrikam xl gray Description,Fabrikam xl gray Short Description,72,Fabrikam,Contoso
new-Default-simple-Reskit xl gray-L-FireBriCronus International,Default Category/Collections/Performance Fabrics/Default Category,Reskit xl gray,Reskit xl gray Description,Reskit xl gray Short Description,73,Reskit,Contoso
new-Default-simple-Cronus International m white-M-Linen,Default Category/Collections/Performance Fabrics/Default Category,Cronus International m white,Cronus International m white Description,Cronus International m white Short Description,74,Cronus,Contoso
new-Default-simple-Cronus International xl gray-L-MediumOrchid,Default Category/Collections/Performance Fabrics/Default Category,Cronus International xl gray,Cronus International xl gray Description,Cronus International xl gray Short Description,75,Cronus,Contoso
new-Default-simple-Proseware m gray-S-Aquamarine,Default Category/Collections/Performance Fabrics/Default Category,Proseware m gray,Proseware m gray Description,Proseware m gray Short Description,76,Proseware,Contoso
new-Default-simple-Proseware xl blue-L-Lavender,Default Category/Collections/Performance Fabrics/Default Category,Proseware xl blue,Proseware xl blue Description,Proseware xl blue Short Description,77,Proseware,Contoso
new-Default-simple-Proseware x blue-M-Plum,Default Category/Collections/Performance Fabrics/Default Category,Proseware x blue,Proseware x blue Description,Proseware x blue Short Description,78,Proseware,Contoso
new-Default-simple-Proseware xl gray-S-CornflowerBlue,Default Category/Collections/Performance Fabrics/Default Category,Proseware xl gray,Proseware xl gray Description,Proseware xl gray Short Description,79,Proseware,Contoso
new-Default-simple-Cronus International m green-XS-MediumSeaGreen,Default Category/Collections/Performance Fabrics/Default Category,Cronus International m green,Cronus International m green Description,Cronus International m green Short Description,80,Cronus,Contoso
new-Default-simple-Reskit m white-S-SeaGreen,Default Category/Collections/Performance Fabrics/Default Category,Reskit m white,Reskit m white Description,Reskit m white Short Description,81,Reskit,Contoso
new-Default-simple-Cronus International x blue-M-Teal,Default Category/Collections/Performance Fabrics/Default Category,Cronus International x blue,Cronus International x blue Description,Cronus International x blue Short Description,82,Cronus,Contoso
new-Default-simple-Fabrikam xl pink-XXL-MistyRose,Default Category/Collections/Performance Fabrics/Default Category,Fabrikam xl pink,Fabrikam xl pink Description,Fabrikam xl pink Short Description,83,Fabrikam,Contoso
new-Default-simple-Fabrikam xl white-S-GreenYellow,Default Category/Collections/Performance Fabrics/Default Category,Fabrikam xl white,Fabrikam xl white Description,Fabrikam xl white Short Description,84,Fabrikam,Contoso
new-Default-simple-Cronus International m pink-XXL-LemonChiffon,Default Category/Collections/Performance Fabrics/Default Category,Cronus International m pink,Cronus International m pink Description,Cronus International m pink Short Description,85,Cronus,Contoso
new-Default-simple-Proseware xl blue-L-MediumBlue,Default Category/Collections/Performance Fabrics/Default Category,Proseware xl blue,Proseware xl blue Description,Proseware xl blue Short Description,86,Proseware,Contoso
new-Default-simple-Fabrikam m blue-X-LightBlue,Default Category/Collections/Performance Fabrics/Default Category,Fabrikam m blue,Fabrikam m blue Description,Fabrikam m blue Short Description,87,Fabrikam,Contoso
new-Default-simple-Cronus International x green-XXL-LightGray,Default Category/Collections/Performance Fabrics/Default Category,Cronus International x green,Cronus International x green Description,Cronus International x green Short Description,88,Cronus,Contoso
new-Default-simple-Fabrikam x gray-L-DeepSkyBlue,Default Category/Collections/Performance Fabrics/Default Category,Fabrikam x gray,Fabrikam x gray Description,Fabrikam x gray Short Description,89,Fabrikam,Contoso
new-Default-simple-Fabrikam x gray-XL-Beige,Default Category/Collections/Performance Fabrics/Default Category,Fabrikam x gray,Fabrikam x gray Description,Fabrikam x gray Short Description,90,Fabrikam,Contoso
new-Default-simple-Fabrikam xl pink-L-OliveDrab,Default Category/Collections/Performance Fabrics/Default Category,Fabrikam xl pink,Fabrikam xl pink Description,Fabrikam xl pink Short Description,91,Fabrikam,Contoso
new-Default-simple-Cronus International xl gray-L-MidnightBlue,Default Category/Collections/Performance Fabrics/Default Category,Cronus International xl gray,Cronus International xl gray Description,Cronus International xl gray Short Description,92,Cronus,Contoso
new-Default-simple-Proseware m green-M-LimeGreen,Default Category/Collections/Performance Fabrics/Default Category,Proseware m green,Proseware m green Description,Proseware m green Short Description,93,Proseware,Contoso
new-Default-simple-Cronus International m green-XS-MediumTurquoise,Default Category/Collections/Performance Fabrics/Default Category,Cronus International m green,Cronus International m green Description,Cronus International m green Short Description,94,Cronus,Contoso
new-Default-simple-Proseware m white-XS-Pink,Default Category/Collections/Performance Fabrics/Default Category,Proseware m white,Proseware m white Description,Proseware m white Short Description,95,Proseware,Contoso
new-Default-simple-Proseware m green-XL-CadetBlue,Default Category/Collections/Performance Fabrics/Default Category,Proseware m green,Proseware m green Description,Proseware m green Short Description,96,Proseware,Contoso
new-Default-simple-Cronus International x blaCronus International-S-MintCream,Default Category/Collections/Performance Fabrics/Default Category,Cronus International x blaCronus International,Cronus International x blaCronus International Description,Cronus International x blaCronus International Short Description,97,Cronus,Contoso
new-Default-simple-Cronus International xl green-X-Magenta,Default Category/Collections/Performance Fabrics/Default Category,Cronus International xl green,Cronus International xl green Description,Cronus International xl green Short Description,98,Cronus,Contoso
new-Default-simple-Cronus International m pink-X-Peru,Default Category/Collections/Performance Fabrics/Default Category,Cronus International m pink,Cronus International m pink Description,Cronus International m pink Short Description,99,Cronus,Contoso
new-Default-simple-Proseware m gray-X-LightSlateGrey,Default Category/Collections/Performance Fabrics/Default Category,Proseware m gray,Proseware m gray Description,Proseware m gray Short Description,100,Proseware,Contoso
new-Default-simple-Reskit x green-M-BlanchedAlmond,Default Category/Collections/Performance Fabrics/Default Category,Reskit x green,Reskit x green Description,Reskit x green Short Description,101,Reskit,Contoso
new-Default-configurable-Reskit x blaCronus International-X-DarkOrchid,Default Category/Collections/Performance Fabrics/Default Category,Reskit x blaCronus International,Reskit x blaCronus International Description,Reskit x blaCronus International Short Description,102,Reskit,Contoso
new-Default-simple-Fabrikam m blue-XXL-Cyan,Default Category/Collections/Performance Fabrics/Default Category,Fabrikam m blue,Fabrikam m blue Description,Fabrikam m blue Short Description,103,Fabrikam,Contoso
new-Default-simple-Proseware m pink-S-Darkorange,Default Category/Collections/Performance Fabrics/Default Category,Proseware m pink,Proseware m pink Description,Proseware m pink Short Description,104,Proseware,Contoso
new-Default-simple-Fabrikam xl blaCronus International-L-PowderBlue,Default Category/Collections/Performance Fabrics/Default Category,Fabrikam xl blaCronus International,Fabrikam xl blaCronus International Description,Fabrikam xl blaCronus International Short Description,105,Fabrikam,Contoso
new-Default-simple-Fabrikam x blue-XS-IndianRed,Default Category/Collections/Performance Fabrics/Default Category,Fabrikam x blue,Fabrikam x blue Description,Fabrikam x blue Short Description,106,Fabrikam,Contoso
new-Default-simple-Reskit xl green-X-Indigo,Default Category/Collections/Performance Fabrics/Default Category,Reskit xl green,Reskit xl green Description,Reskit xl green Short Description,107,Reskit,Contoso
new-Default-simple-Cronus International x gray-XL-DeepPink,Default Category/Collections/Performance Fabrics/Default Category,Cronus International x gray,Cronus International x gray Description,Cronus International x gray Short Description,108,Cronus,Contoso
new-Default-simple-Reskit xl gray-XS-Salmon,Default Category/Collections/Performance Fabrics/Default Category,Reskit xl gray,Reskit xl gray Description,Reskit xl gray Short Description,109,Reskit,Contoso
new-Default-simple-Reskit x pink-XS-MediumSlateBlue,Default Category/Collections/Performance Fabrics/Default Category,Reskit x pink,Reskit x pink Description,Reskit x pink Short Description,110,Reskit,Contoso
new-Default-simple-Cronus International xl green-M-FloralWhite,Default Category/Collections/Performance Fabrics/Default Category,Cronus International xl green,Cronus International xl green Description,Cronus International xl green Short Description,111,Cronus,Contoso
new-Default-simple-Fabrikam xl blaCronus International-M-DodgerBlue,Default Category/Collections/Performance Fabrics/Default Category,Fabrikam xl blaCronus International,Fabrikam xl blaCronus International Description,Fabrikam xl blaCronus International Short Description,112,Fabrikam,Contoso
new-Default-simple-Fabrikam x pink-S-HoneyDew,Default Category/Collections/Performance Fabrics/Default Category,Fabrikam x pink,Fabrikam x pink Description,Fabrikam x pink Short Description,113,Fabrikam,Contoso
new-Default-simple-Fabrikam x white-XXL-PaleGreen,Default Category/Collections/Performance Fabrics/Default Category,Fabrikam x white,Fabrikam x white Description,Fabrikam x white Short Description,114,Fabrikam,Contoso
new-Default-simple-Cronus International xl green-S-LightSeaGreen,Default Category/Collections/Performance Fabrics/Default Category,Cronus International xl green,Cronus International xl green Description,Cronus International xl green Short Description,115,Cronus,Contoso
new-Default-configurable-Fabrikam xl green-X-Orchid,Default Category/Collections/Performance Fabrics/Default Category,Fabrikam xl green,Fabrikam xl green Description,Fabrikam xl green Short Description,116,Fabrikam,Contoso
new-Default-simple-Proseware xl pink-X-Crimson,Default Category/Collections/Performance Fabrics/Default Category,Proseware xl pink,Proseware xl pink Description,Proseware xl pink Short Description,117,Proseware,Contoso
new-Default-simple-Fabrikam x green-L-SandyBrown,Default Category/Collections/Performance Fabrics/Default Category,Fabrikam x green,Fabrikam x green Description,Fabrikam x green Short Description,118,Fabrikam,Contoso
new-Default-simple-Cronus International xl white-XL-MediumPurple,Default Category/Collections/Performance Fabrics/Default Category,Cronus International xl white,Cronus International xl white Description,Cronus International xl white Short Description,119,Cronus,Contoso
new-Default-simple-Fabrikam x blaCronus International-XS-Ivory,Default Category/Collections/Performance Fabrics/Default Category,Fabrikam x blaCronus International,Fabrikam x blaCronus International Description,Fabrikam x blaCronus International Short Description,120,Fabrikam,Contoso
new-Default-simple-Cronus International m blaCronus International-M-SeaShell,Default Category/Collections/Performance Fabrics/Default Category,Cronus International m blaCronus International,Cronus International m blaCronus International Description,Cronus International m blaCronus International Short Description,121,Cronus,Contoso
new-Default-simple-Cronus International m blue-XL-Khaki,Default Category/Collections/Performance Fabrics/Default Category,Cronus International m blue,Cronus International m blue Description,Cronus International m blue Short Description,122,Cronus,Contoso
new-Default-configurable-Reskit x white-X-SlateBlue,Default Category/Collections/Performance Fabrics/Default Category,Reskit x white,Reskit x white Description,Reskit x white Short Description,123,Reskit,Contoso
new-Default-simple-Proseware x white-M-DarkSlateGray,Default Category/Collections/Performance Fabrics/Default Category,Proseware x white,Proseware x white Description,Proseware x white Short Description,124,Proseware,Contoso
new-Default-simple-Cronus International x gray-L-PeachPuff,Default Category/Collections/Performance Fabrics/Default Category,Cronus International x gray,Cronus International x gray Description,Cronus International x gray Short Description,125,Cronus,Contoso
new-Default-simple-Reskit x blaCronus International-XXL-Wheat,Default Category/Collections/Performance Fabrics/Default Category,Reskit x blaCronus International,Reskit x blaCronus International Description,Reskit x blaCronus International Short Description,126,Reskit,Contoso
new-Default-simple-Proseware x white-L-Violet,Default Category/Collections/Performance Fabrics/Default Category,Proseware x white,Proseware x white Description,Proseware x white Short Description,127,Proseware,Contoso
new-Default-simple-Cronus International m blue-X-Snow,Default Category/Collections/Performance Fabrics/Default Category,Cronus International m blue,Cronus International m blue Description,Cronus International m blue Short Description,128,Cronus,Contoso
new-Default-simple-Proseware xl green-XXL-LightYellow,Default Category/Collections/Performance Fabrics/Default Category,Proseware xl green,Proseware xl green Description,Proseware xl green Short Description,129,Proseware,Contoso
new-Default-simple-Proseware x blaCronus International-S-NavajoWhite,Default Category/Collections/Performance Fabrics/Default Category,Proseware x blaCronus International,Proseware x blaCronus International Description,Proseware x blaCronus International Short Description,130,Proseware,Contoso
new-Default-simple-Proseware m gray-X-BlueViolet,Default Category/Collections/Performance Fabrics/Default Category,Proseware m gray,Proseware m gray Description,Proseware m gray Short Description,131,Proseware,Contoso
new-Default-simple-Cronus International xl blue-L-AntiqueWhite,Default Category/Collections/Performance Fabrics/Default Category,Cronus International xl blue,Cronus International xl blue Description,Cronus International xl blue Short Description,132,Cronus,Contoso
new-Default-simple-Fabrikam m pink-M-Maroon,Default Category/Collections/Performance Fabrics/Default Category,Fabrikam m pink,Fabrikam m pink Description,Fabrikam m pink Short Description,133,Fabrikam,Contoso
new-Default-simple-Cronus International m blue-S-DarkOliveGreen,Default Category/Collections/Performance Fabrics/Default Category,Cronus International m blue,Cronus International m blue Description,Cronus International m blue Short Description,134,Cronus,Contoso
new-Default-simple-Reskit xl blue-XXL-SkyBlue,Default Category/Collections/Performance Fabrics/Default Category,Reskit xl blue,Reskit xl blue Description,Reskit xl blue Short Description,135,Reskit,Contoso
new-Default-simple-Cronus International xl gray-S-MediumVioletRed,Default Category/Collections/Performance Fabrics/Default Category,Cronus International xl gray,Cronus International xl gray Description,Cronus International xl gray Short Description,136,Cronus,Contoso
new-Default-simple-Fabrikam xl pink-XS-Gold,Default Category/Collections/Performance Fabrics/Default Category,Fabrikam xl pink,Fabrikam xl pink Description,Fabrikam xl pink Short Description,137,Fabrikam,Contoso
new-Default-simple-Fabrikam x blaCronus International-L-Cornsilk,Default Category/Collections/Performance Fabrics/Default Category,Fabrikam x blaCronus International,Fabrikam x blaCronus International Description,Fabrikam x blaCronus International Short Description,138,Fabrikam,Contoso
new-Default-simple-Proseware x gray-S-Coral,Default Category/Collections/Performance Fabrics/Default Category,Proseware x gray,Proseware x gray Description,Proseware x gray Short Description,139,Proseware,Contoso
new-Default-simple-Reskit m blue-S-RoyalBlue,Default Category/Collections/Performance Fabrics/Default Category,Reskit m blue,Reskit m blue Description,Reskit m blue Short Description,140,Reskit,Contoso
new-Default-simple-Fabrikam xl white-L-HotPink,Default Category/Collections/Performance Fabrics/Default Category,Fabrikam xl white,Fabrikam xl white Description,Fabrikam xl white Short Description,141,Fabrikam,Contoso
new-Default-simple-Fabrikam x gray-XS-Tan,Default Category/Collections/Performance Fabrics/Default Category,Fabrikam x gray,Fabrikam x gray Description,Fabrikam x gray Short Description,142,Fabrikam,Contoso
new-Default-configurable-Cronus International m blaCronus International-S-Turquoise,Default Category/Collections/Performance Fabrics/Default Category,Cronus International m blaCronus International,Cronus International m blaCronus International Description,Cronus International m blaCronus International Short Description,143,Cronus,Contoso
new-Default-simple-Cronus International x gray-X-OldLace,Default Category/Collections/Performance Fabrics/Default Category,Cronus International x gray,Cronus International x gray Description,Cronus International x gray Short Description,144,Cronus,Contoso
