150,Contoso,Gina,Eliseo,Rollins,Gina Eliseo Rollins,149,10/2/1981
255,Contoso,Garrett,NULL,Vasquez,Garrett Vasquez,254,8/20/1981
393,Contoso,Preston,Chadrick,Rich,Preston Chadrick Rich,392,12/28/1997
644,Contoso,Toby,Stewart,Alvarado,Toby Stewart Alvarado,643,4/28/1960
1,Contoso,Ginger,Alfred,Huang,Ginger Alfred Huang,1000,5/1/1985
922,Contoso,Claire,Broderick,Greer,Claire Broderick Greer,1921,1/8/1995
58,Contoso,Colby,NULL,Yu,Colby Yu,2057,10/20/1997
165,Contoso,Dena,NULL,Hoffman,Dena Hoffman,2164,1/19/1992
115,Contoso,Joanna,NULL,Parker,Joanna Parker,3114,10/25/1986
227,Contoso,Efrain,NULL,Santana,Efrain Santana,3226,7/27/1981
601,Contoso,Myra,Hector,Kline,Myra Hector Kline,3600,3/6/1987
959,Contoso,Mickey,Theodore,Santos,Mickey Theodore Santos,3958,1/28/1956
201,Contoso,Tammi,Dusty,Petty,Tammi Dusty Petty,4200,10/18/1983
262,Contoso,Ben,Lon,Kaufman,Ben Lon Kaufman,4261,11/2/1988
816,Contoso,Tiffany,NULL,Rose,Tiffany Rose,4815,10/18/1983
854,Contoso,Gena,Jamel,Conner,Gena Jamel Conner,4853,2/25/1953
940,Contoso,Leticia,Clark,Hurley,Leticia Clark Hurley,4939,4/19/1981
84,Contoso,Doris,NULL,Logan,Doris Logan,5083,7/8/1960
527,Contoso,Drew,NULL,Horne,Drew Horne,5526,6/26/1992
615,Contoso,Celeste,Jan,Gallagher,Celeste Jan Gallagher,5614,7/10/1983
856,Contoso,Joe,NULL,NULL,Joe NULL,5855,2/12/1982
936,Contoso,Leon,Timmy,Conrad,Leon Timmy Conrad,5935,1/31/1995
94,Contoso,Marie,NULL,Rollins,Marie Rollins,6093,2/5/1963
370,Contoso,Allan,David,Watson,Allan David Watson,6369,5/15/1991
477,Contoso,Sonja,NULL,Acevedo,Sonja Acevedo,6476,12/8/1981
485,Contoso,Kellie,Arron,Harmon,Kellie Arron Harmon,6484,11/13/1994
680,Contoso,Kendall,Stacy,Lucero,Kendall Stacy Lucero,6679,4/3/1985
25,Contoso,Margaret,Bradford,Garrison,Margaret Bradford Garrison,7024,10/28/1985
437,Contoso,Felicia,Donovan,Humphrey,Felicia Donovan Humphrey,7436,6/28/1995
516,Contoso,Marsha,Isidro,French,Marsha Isidro French,7515,12/18/1993
790,Contoso,Karl,Joshua,Turner,Karl Joshua Turner,7789,5/20/1990
164,Contoso,Joy,Edgar,Franklin,Joy Edgar Franklin,8163,9/8/1955
522,Contoso,Christa,NULL,Maddox,Christa Maddox,8521,7/8/1987
573,Contoso,Darrick,NULL,Gonzales,Darrick Gonzales,8572,6/22/1999
578,Contoso,Forrest,Homer,Adams,Forrest Homer Adams,8577,4/28/1997
750,Contoso,Evelyn,Ernie,Austin,Evelyn Ernie Austin,8749,1/4/1987
89,Contoso,Jacob,Dan,Ochoa,Jacob Dan Ochoa,9088,12/6/1960
151,Contoso,Vincent,NULL,Davidson,Vincent Davidson,9150,6/11/1989
285,Contoso,Charlie,Earnest,Barajas,Charlie Earnest Barajas,9284,8/12/1984
454,Contoso,Quentin,Burton,Bradshaw,Quentin Burton Bradshaw,9453,3/19/1957
841,Contoso,Kenya,Hugo,Small,Kenya Hugo Small,9840,9/7/1993
847,Contoso,Tomas,Elisha,Dunn,Tomas Elisha Dunn,9846,11/11/1981
